<wpml-config>
    <admin-texts>
        <key name='onepage_options'>
            <key name='onepage_top_call_us' />
            <key name='onepage_slider_heading_1' />
            <key name='onepage_slider_subheading_1' />
            <key name='onepage_slider_button_text_1' />
            <key name='onepage_slider_heading_2' />
            <key name='onepage_slider_subheading_2' />
            <key name='onepage_slider_button_text_2' />
            <key name='onepage_slider_heading_3' />
            <key name='onepage_slider_subheading_3' />
            <key name='onepage_slider_button_text_3' />
            <key name='onepage_slider_heading_4' />
            <key name='onepage_slider_subheading_4' />
            <key name='onepage_slider_button_text_4' />
            <key name='onepage_slider_heading_5' />
            <key name='onepage_slider_subheading_5' />
            <key name='onepage_slider_button_text_5' />
            <key name='onepage_service_section_heading' />
            <key name='onepage_service_section_sub_heading' />
            <key name='onepage_service_box_heading_1' />
            <key name='onepage_service_box_desc_1' />
            <key name='onepage_service_box_heading_2' />
            <key name='onepage_service_box_desc_2' />
            <key name='onepage_service_box_heading_3' />
            <key name='onepage_service_box_desc_3' />
            <key name='onepage_service_box_heading_4' />
            <key name='onepage_service_box_desc_4' />
            <key name='onepage_blog_main_heading' />
            <key name='onepage_blog_sub_heading' />
            <key name='onepage_blog_read_more_text' />
            <key name='onepage_portfolio_main_heading' />
            <key name='onepage_portfolio_sub_heading' />
            <key name='onepage_video_main_heading' />
            <key name='onepage_video_sub_heading' />
            <key name='onepage_testimonial_main_heading' />
            <key name='onepage_testimonial_sub_heading' />
            <key name='onepage_testimonial_1_content' />
            <key name='onepage_testimonial_1_name' />
            <key name='onepage_testimonial_2_content' />
            <key name='onepage_testimonial_2_name' />
            <key name='onepage_testimonial_3_content' />
            <key name='onepage_testimonial_3_name' />
            <key name='onepage_pricing_main_heading' />
            <key name='onepage_pricing_sub_heading' />
            <key name='onepage_pricing_box1_heading' />
            <key name='onepage_pricing_box1_price' />	
            <key name='onepage_pricing_box1_feature1' />
            <key name='onepage_pricing_box1_feature2' />
            <key name='onepage_pricing_box1_feature3' />
            <key name='onepage_pricing_box1_feature4' />
            <key name='onepage_pricing_box1_feature5' />
            <key name='onepage_pricing_box1_button_text' />
            <key name='onepage_pricing_box2_heading' />
            <key name='onepage_pricing_box2_price' />	
            <key name='onepage_pricing_box2_feature1' />
            <key name='onepage_pricing_box2_feature2' />
            <key name='onepage_pricing_box2_feature3' />
            <key name='onepage_pricing_box2_feature4' />
            <key name='onepage_pricing_box2_feature5' />
            <key name='onepage_pricing_box2_button_text' />
            <key name='onepage_pricing_box3_heading' />
            <key name='onepage_pricing_box3_price' />	
            <key name='onepage_pricing_box3_feature1' />
            <key name='onepage_pricing_box3_feature2' />
            <key name='onepage_pricing_box3_feature3' />
            <key name='onepage_pricing_box3_feature4' />
            <key name='onepage_pricing_box3_feature5' />
            <key name='onepage_pricing_box3_button_text' />
            <key name='onepage_team_main_heading' />
            <key name='onepage_team_sub_heading' />
            <key name='onepage_member1_name' />
            <key name='onepage_member1_designation' />
            <key name='onepage_member2_name' />
            <key name='onepage_member2_designation' />
            <key name='onepage_member3_name' />
            <key name='onepage_member3_designation' />
            <key name='onepage_member4_name' />
            <key name='onepage_member4_designation' />
            <key name='onepage_contact_main_heading' />
            <key name='onepage_contact_sub_heading' />
            <key name='onepage_contact_send_button_text' />
            <key name='onepage_footer_copyright_text' />
        </key>
    </admin-texts>
</wpml-config>
